source,restaurant_id,restaurant_name,restaurant_url,city,category,total_reviews,restaurant_rating,review_id,reviewer_id,review_text,rating,review_date,crawl_timestamp
Foody,272138,Gà Chỉ Sáu Cao,https://www.foody.vn/quang-binh/gà-chỉ-sáu-cao-272138,Quy Nhơn,Quán ăn / Đặc sản,272,5,17662810,,"Món gà này nhà mình ăn nhiều lắm vì vị quá ngon , giá hợp lý",0,25/06/2023,2026-09-18T21:37:28.103664
Foody,272138,Gà Chỉ Sáu Cao,https://www.foody.vn/quang-binh/gà-chỉ-sáu-cao-272138,Quy Nhơn,Quán ăn / Đặc sản,272,5,17662005,,Tuyệt vời lăm,0,24/06/2023,2026-09-18T21:37:28.103664
Foody,272138,Gà Chỉ Sáu Cao,https://www.foody.vn/quang-binh/gà-chỉ-sáu-cao-272138,Quy Nhơn,Quán ăn / Đặc sản,272,5,17661897,,Ga da giòn ngọt thịt,0,24/06/2023,2026-09-18T21:37:28.103664
Foody,272138,Gà Chỉ Sáu Cao,https://www.foody.vn/quang-binh/gà-chỉ-sáu-cao-272138,Quy Nhơn,Quán ăn / Đặc sản,272,10,17661749,,Gà ngon,0,24/06/2023,2026-09-18T21:37:28.103664
Foody,272138,Gà Chỉ Sáu Cao,https://www.foody.vn/quang-binh/gà-chỉ-sáu-cao-272138,Quy Nhơn,Quán ăn / Đặc sản,272,5,17661647,,Ngon ah,0,24/06/2023,2026-09-18T21:37:28.103664
Foody,272138,Gà Chỉ Sáu Cao,https://www.foody.vn/quang-binh/gà-chỉ-sáu-cao-272138,Quy Nhơn,Quán ăn / Đặc sản,272,7,17661532,,"Thịt gà mềm, da giòn,  muối chấm rất ngon 👍👍",0,24/06/2023,2026-09-18T21:37:28.103664
Foody,272138,Gà Chỉ Sáu Cao,https://www.foody.vn/quang-binh/gà-chỉ-sáu-cao-272138,Quy Nhơn,Quán ăn / Đặc sản,272,10,17661379,,Ngon và hấp dẫn ạ,0,24/06/2023,2026-09-18T21:37:28.103664
Foody,272138,Gà Chỉ Sáu Cao,https://www.foody.vn/quang-binh/gà-chỉ-sáu-cao-272138,Quy Nhơn,Quán ăn / Đặc sản,272,7.2,17661376,,Chưa bao giờ m được món gà nào mà ngon ngọt như này nhất định sẽ có nhiều lần sau,0,24/06/2023,2026-09-18T21:37:28.103664
Foody,272138,Gà Chỉ Sáu Cao,https://www.foody.vn/quang-binh/gà-chỉ-sáu-cao-272138,Quy Nhơn,Quán ăn / Đặc sản,272,8.8,17661347,,Gà thơm ngon trang trí đẹp mắt,0,24/06/2023,2026-09-18T21:37:28.103664
Foody,272138,Gà Chỉ Sáu Cao,https://www.foody.vn/quang-binh/gà-chỉ-sáu-cao-272138,Quy Nhơn,Quán ăn / Đặc sản,272,10,17661337,,Rất ngon và đẹp mắt,0,24/06/2023,2026-09-18T21:37:28.103664
Foody,272138,Gà Chỉ Sáu Cao,https://www.foody.vn/quang-binh/gà-chỉ-sáu-cao-272138,Quy Nhơn,Quán ăn / Đặc sản,272,5,17661263,,Chưa bao giờ m được món gà nào mà ngon ngọt như này nhất định sẽ có nhiều lần sau,0,24/06/2023,2026-09-18T21:37:29.292721
Foody,272138,Gà Chỉ Sáu Cao,https://www.foody.vn/quang-binh/gà-chỉ-sáu-cao-272138,Quy Nhơn,Quán ăn / Đặc sản,272,10,17661257,,Ngon,0,24/06/2023,2026-09-18T21:37:29.292721
Foody,272138,Gà Chỉ Sáu Cao,https://www.foody.vn/quang-binh/gà-chỉ-sáu-cao-272138,Quy Nhơn,Quán ăn / Đặc sản,272,8,17661242,,Tuyệt vời rat ngon nha.❤️❤️❤️❤️,0,24/06/2023,2026-09-18T21:37:29.292721
Foody,272138,Gà Chỉ Sáu Cao,https://www.foody.vn/quang-binh/gà-chỉ-sáu-cao-272138,Quy Nhơn,Quán ăn / Đặc sản,272,5,17661217,,Ngon bổ rẻ giao hàng nhanh nhiệt tình ạ mn qua cửa hàng này nhé,0,24/06/2023,2026-09-18T21:37:29.292721
Foody,272138,Gà Chỉ Sáu Cao,https://www.foody.vn/quang-binh/gà-chỉ-sáu-cao-272138,Quy Nhơn,Quán ăn / Đặc sản,272,5,17661209,,Cửa hàng sạch đẹp phục vụ tốt đồ ăn thơm ngon,0,24/06/2023,2026-09-18T21:37:29.292721
Foody,272138,Gà Chỉ Sáu Cao,https://www.foody.vn/quang-binh/gà-chỉ-sáu-cao-272138,Quy Nhơn,Quán ăn / Đặc sản,272,9.6,17661200,,"Gà thịt chắc, giai, ngọt rất ngon. Xin mời mọi người ghé quán",0,24/06/2023,2026-09-18T21:37:29.292721
Foody,272138,Gà Chỉ Sáu Cao,https://www.foody.vn/quang-binh/gà-chỉ-sáu-cao-272138,Quy Nhơn,Quán ăn / Đặc sản,272,5,17661208,,Gà rất ngon và chất lượng,0,24/06/2023,2026-09-18T21:37:29.292721
Foody,272138,Gà Chỉ Sáu Cao,https://www.foody.vn/quang-binh/gà-chỉ-sáu-cao-272138,Quy Nhơn,Quán ăn / Đặc sản,272,5,17661198,,"Thịt gà mềm, ngọt, thơm ngon lắm ạ.",0,24/06/2023,2026-09-18T21:37:29.292721
Foody,272138,Gà Chỉ Sáu Cao,https://www.foody.vn/quang-binh/gà-chỉ-sáu-cao-272138,Quy Nhơn,Quán ăn / Đặc sản,272,5,17661197,,Gà rất ngon và chất lượng,0,24/06/2023,2026-09-18T21:37:29.292721
Foody,272138,Gà Chỉ Sáu Cao,https://www.foody.vn/quang-binh/gà-chỉ-sáu-cao-272138,Quy Nhơn,Quán ăn / Đặc sản,272,5,17661196,,Gà tươi ngon ăn rất đậm đà,0,24/06/2023,2026-09-18T21:37:29.292721
Foody,272138,Gà Chỉ Sáu Cao,https://www.foody.vn/quang-binh/gà-chỉ-sáu-cao-272138,Quy Nhơn,Quán ăn / Đặc sản,272,5,17661195,,"Thịt gà chắc, ngon ngọt",0,24/06/2023,2026-09-18T21:37:30.457884
Foody,272138,Gà Chỉ Sáu Cao,https://www.foody.vn/quang-binh/gà-chỉ-sáu-cao-272138,Quy Nhơn,Quán ăn / Đặc sản,272,8.2,17661190,,"Cửa hàng sạch đẹp, phục vụ tốt. Đồ ăn hợp khẩu vị, gà thơm ngon",0,24/06/2023,2026-09-18T21:37:30.457884
Foody,272138,Gà Chỉ Sáu Cao,https://www.foody.vn/quang-binh/gà-chỉ-sáu-cao-272138,Quy Nhơn,Quán ăn / Đặc sản,272,10,17661189,,"Gà thịt chắc, giai, ngọt rất ngon. Xin mời mọi người ghé quán ạ",0,24/06/2023,2026-09-18T21:37:30.457884
Foody,272138,Gà Chỉ Sáu Cao,https://www.foody.vn/quang-binh/gà-chỉ-sáu-cao-272138,Quy Nhơn,Quán ăn / Đặc sản,272,5,17661183,,"Món này ngon, ai chưa được ăn thì nên ghé ăn thử nhé",0,24/06/2023,2026-09-18T21:37:30.457884
Foody,272138,Gà Chỉ Sáu Cao,https://www.foody.vn/quang-binh/gà-chỉ-sáu-cao-272138,Quy Nhơn,Quán ăn / Đặc sản,272,5,17661181,,Thịt gà thơm ngon và hấp dẫn bổ dưỡng,0,24/06/2023,2026-09-18T21:37:30.457884
Foody,272138,Gà Chỉ Sáu Cao,https://www.foody.vn/quang-binh/gà-chỉ-sáu-cao-272138,Quy Nhơn,Quán ăn / Đặc sản,272,5,17661188,,Ngon lắm nha,0,24/06/2023,2026-09-18T21:37:30.457884
Foody,272138,Gà Chỉ Sáu Cao,https://www.foody.vn/quang-binh/gà-chỉ-sáu-cao-272138,Quy Nhơn,Quán ăn / Đặc sản,272,5,17661184,,"Rất ngon , hấp dẫn",0,24/06/2023,2026-09-18T21:37:30.457884
Foody,272138,Gà Chỉ Sáu Cao,https://www.foody.vn/quang-binh/gà-chỉ-sáu-cao-272138,Quy Nhơn,Quán ăn / Đặc sản,272,5,17661180,,Món này ngon.ai chưa được  ăn thì nên thử nè,0,24/06/2023,2026-09-18T21:37:30.457884
Foody,272138,Gà Chỉ Sáu Cao,https://www.foody.vn/quang-binh/gà-chỉ-sáu-cao-272138,Quy Nhơn,Quán ăn / Đặc sản,272,5,17661175,,Gà thơm ngon ngọt day ăn một lần là nhớ mãi,0,24/06/2023,2026-09-18T21:37:30.457884
Foody,272138,Gà Chỉ Sáu Cao,https://www.foody.vn/quang-binh/gà-chỉ-sáu-cao-272138,Quy Nhơn,Quán ăn / Đặc sản,272,5,17661179,,"Gà ngon ,sẽ ủng hộ tiếp",0,24/06/2023,2026-09-18T21:37:30.457884
Foody,272138,Gà Chỉ Sáu Cao,https://www.foody.vn/quang-binh/gà-chỉ-sáu-cao-272138,Quy Nhơn,Quán ăn / Đặc sản,272,5,17661168,,Món ăn rất ngon và nhiều người thích,0,24/06/2023,2026-09-18T21:37:31.620671
Foody,272138,Gà Chỉ Sáu Cao,https://www.foody.vn/quang-binh/gà-chỉ-sáu-cao-272138,Quy Nhơn,Quán ăn / Đặc sản,272,5,17661174,,gà vườn nên ăn rất ngon thịt dai,0,24/06/2023,2026-09-18T21:37:31.620671
Foody,272138,Gà Chỉ Sáu Cao,https://www.foody.vn/quang-binh/gà-chỉ-sáu-cao-272138,Quy Nhơn,Quán ăn / Đặc sản,272,5,17661177,,Món ngon mng đến đây thử nha,0,24/06/2023,2026-09-18T21:37:31.620671
Foody,272138,Gà Chỉ Sáu Cao,https://www.foody.vn/quang-binh/gà-chỉ-sáu-cao-272138,Quy Nhơn,Quán ăn / Đặc sản,272,5,17661173,,"Mùi rất thơm , dai ngon",0,24/06/2023,2026-09-18T21:37:31.620671
Foody,272138,Gà Chỉ Sáu Cao,https://www.foody.vn/quang-binh/gà-chỉ-sáu-cao-272138,Quy Nhơn,Quán ăn / Đặc sản,272,5,17661172,,Gà dai ăn rất ngọt thịt,0,24/06/2023,2026-09-18T21:37:31.620671
Foody,272138,Gà Chỉ Sáu Cao,https://www.foody.vn/quang-binh/gà-chỉ-sáu-cao-272138,Quy Nhơn,Quán ăn / Đặc sản,272,8.4,17661164,,"Gà dai, ngon hấp dẫn",0,24/06/2023,2026-09-18T21:37:31.620671
Foody,272138,Gà Chỉ Sáu Cao,https://www.foody.vn/quang-binh/gà-chỉ-sáu-cao-272138,Quy Nhơn,Quán ăn / Đặc sản,272,10,17661169,,"Ngon, thơm, sạch sẽ",0,24/06/2023,2026-09-18T21:37:31.620671
Foody,272138,Gà Chỉ Sáu Cao,https://www.foody.vn/quang-binh/gà-chỉ-sáu-cao-272138,Quy Nhơn,Quán ăn / Đặc sản,272,9.8,17661170,,Gà dai..thịt rất thơm,0,24/06/2023,2026-09-18T21:37:31.620671
Foody,272138,Gà Chỉ Sáu Cao,https://www.foody.vn/quang-binh/gà-chỉ-sáu-cao-272138,Quy Nhơn,Quán ăn / Đặc sản,272,5,17661165,,Gà dai ko bị bở ngon lắm,0,24/06/2023,2026-09-18T21:37:31.620671
Foody,272138,Gà Chỉ Sáu Cao,https://www.foody.vn/quang-binh/gà-chỉ-sáu-cao-272138,Quy Nhơn,Quán ăn / Đặc sản,272,5,17659251,,Tiệm gà này ngon.gà ăn dai thơm thịt,0,24/06/2023,2026-09-18T21:37:31.620671
Foody,272138,Gà Chỉ Sáu Cao,https://www.foody.vn/quang-binh/gà-chỉ-sáu-cao-272138,Quy Nhơn,Quán ăn / Đặc sản,272,5,17659180,,"Gà rất ngon, gà vườn nên dai lắm mn ơi",0,23/06/2023,2026-09-18T21:37:32.807233
Foody,272138,Gà Chỉ Sáu Cao,https://www.foody.vn/quang-binh/gà-chỉ-sáu-cao-272138,Quy Nhơn,Quán ăn / Đặc sản,272,10,17658345,,Ngon lắm ạ.sẽ ủng hộ tiếp,0,23/06/2023,2026-09-18T21:37:32.807233
Foody,272138,Gà Chỉ Sáu Cao,https://www.foody.vn/quang-binh/gà-chỉ-sáu-cao-272138,Quy Nhơn,Quán ăn / Đặc sản,272,5,17658072,,gà rất ngon ạ,0,23/06/2023,2026-09-18T21:37:32.807233
Foody,272138,Gà Chỉ Sáu Cao,https://www.foody.vn/quang-binh/gà-chỉ-sáu-cao-272138,Quy Nhơn,Quán ăn / Đặc sản,272,10,17658063,,Gà rất ngon và chất lượng,0,23/06/2023,2026-09-18T21:37:32.807233
Foody,272138,Gà Chỉ Sáu Cao,https://www.foody.vn/quang-binh/gà-chỉ-sáu-cao-272138,Quy Nhơn,Quán ăn / Đặc sản,272,10,17657988,,Thịt gà dai ngon ngọt .phục vụ nhiệt tình,0,23/06/2023,2026-09-18T21:37:32.807233
Foody,272138,Gà Chỉ Sáu Cao,https://www.foody.vn/quang-binh/gà-chỉ-sáu-cao-272138,Quy Nhơn,Quán ăn / Đặc sản,272,5,17657981,,ga luoc ma ăn voi hanh ngon nhựt nach,0,23/06/2023,2026-09-18T21:37:32.807233
Foody,272138,Gà Chỉ Sáu Cao,https://www.foody.vn/quang-binh/gà-chỉ-sáu-cao-272138,Quy Nhơn,Quán ăn / Đặc sản,272,8.4,17657973,,"Thịt ngon,ngọt. Rất ưng luôn",0,23/06/2023,2026-09-18T21:37:32.807233
Foody,272138,Gà Chỉ Sáu Cao,https://www.foody.vn/quang-binh/gà-chỉ-sáu-cao-272138,Quy Nhơn,Quán ăn / Đặc sản,272,5,17657963,,Gà thượng hạn. Dai.  Ngon lắm nha,0,23/06/2023,2026-09-18T21:37:32.807233
Foody,272138,Gà Chỉ Sáu Cao,https://www.foody.vn/quang-binh/gà-chỉ-sáu-cao-272138,Quy Nhơn,Quán ăn / Đặc sản,272,5,17657962,,"Ngon lắm nha cả nha, nên dùng thử nè",0,23/06/2023,2026-09-18T21:37:32.807233
Foody,272138,Gà Chỉ Sáu Cao,https://www.foody.vn/quang-binh/gà-chỉ-sáu-cao-272138,Quy Nhơn,Quán ăn / Đặc sản,272,5,17657960,,Thịt gà ngon,0,23/06/2023,2026-09-18T21:37:32.807233
Foody,138063,Mộc Viên Restaurant,https://www.foody.vn/quang-binh/mộc-viên-restaurant-138063,Quy Nhơn,Quán ăn / Đặc sản,93,7.6,18115381,,Hương vị đậm đà,0,14/11/2023,2026-09-18T21:37:33.937865
Foody,138063,Mộc Viên Restaurant,https://www.foody.vn/quang-binh/mộc-viên-restaurant-138063,Quy Nhơn,Quán ăn / Đặc sản,93,5,18115084,,Hương vị đậm đà,0,14/11/2023,2026-09-18T21:37:33.937865
Foody,138063,Mộc Viên Restaurant,https://www.foody.vn/quang-binh/mộc-viên-restaurant-138063,Quy Nhơn,Quán ăn / Đặc sản,93,8.6,18115069,,HƯƠNG VỊ ĐẬM ĐÀ,0,14/11/2023,2026-09-18T21:37:33.937865
Foody,138063,Mộc Viên Restaurant,https://www.foody.vn/quang-binh/mộc-viên-restaurant-138063,Quy Nhơn,Quán ăn / Đặc sản,93,10,18114826,,Huong vị đậm đà,0,14/11/2023,2026-09-18T21:37:33.937865
Foody,138063,Mộc Viên Restaurant,https://www.foody.vn/quang-binh/mộc-viên-restaurant-138063,Quy Nhơn,Quán ăn / Đặc sản,93,5,18114786,,Hương vị đậm đà,0,14/11/2023,2026-09-18T21:37:33.937865
Foody,138063,Mộc Viên Restaurant,https://www.foody.vn/quang-binh/mộc-viên-restaurant-138063,Quy Nhơn,Quán ăn / Đặc sản,93,10,18114755,,Ok,0,14/11/2023,2026-09-18T21:37:33.937865
Foody,138063,Mộc Viên Restaurant,https://www.foody.vn/quang-binh/mộc-viên-restaurant-138063,Quy Nhơn,Quán ăn / Đặc sản,93,5,18114738,,Hương vị đậm đã,0,14/11/2023,2026-09-18T21:37:33.937865
Foody,138063,Mộc Viên Restaurant,https://www.foody.vn/quang-binh/mộc-viên-restaurant-138063,Quy Nhơn,Quán ăn / Đặc sản,93,10,18114725,,Hương vị đậm đà,0,14/11/2023,2026-09-18T21:37:33.937865
Foody,138063,Mộc Viên Restaurant,https://www.foody.vn/quang-binh/mộc-viên-restaurant-138063,Quy Nhơn,Quán ăn / Đặc sản,93,10,18114719,,Hương vị đậm đà,0,14/11/2023,2026-09-18T21:37:33.937865
Foody,138063,Mộc Viên Restaurant,https://www.foody.vn/quang-binh/mộc-viên-restaurant-138063,Quy Nhơn,Quán ăn / Đặc sản,93,5,18114705,,Hương vị đậm đà,0,14/11/2023,2026-09-18T21:37:33.937865
Foody,138063,Mộc Viên Restaurant,https://www.foody.vn/quang-binh/mộc-viên-restaurant-138063,Quy Nhơn,Quán ăn / Đặc sản,93,7,18114702,,Hương vị đậm đà,0,14/11/2023,2026-09-18T21:37:35.079482
Foody,138063,Mộc Viên Restaurant,https://www.foody.vn/quang-binh/mộc-viên-restaurant-138063,Quy Nhơn,Quán ăn / Đặc sản,93,10,18114701,,"Món ăn ngon, hương vị đậm đà.",0,14/11/2023,2026-09-18T21:37:35.079482
Foody,138063,Mộc Viên Restaurant,https://www.foody.vn/quang-binh/mộc-viên-restaurant-138063,Quy Nhơn,Quán ăn / Đặc sản,93,10,18114698,,Hương vị đận đà,0,14/11/2023,2026-09-18T21:37:35.079482
Foody,138063,Mộc Viên Restaurant,https://www.foody.vn/quang-binh/mộc-viên-restaurant-138063,Quy Nhơn,Quán ăn / Đặc sản,93,5,18114700,,Hương vị đậm đà,0,14/11/2023,2026-09-18T21:37:35.079482
Foody,138063,Mộc Viên Restaurant,https://www.foody.vn/quang-binh/mộc-viên-restaurant-138063,Quy Nhơn,Quán ăn / Đặc sản,93,10,18114694,,Hương vị đậm đà,0,14/11/2023,2026-09-18T21:37:35.079482
Foody,138063,Mộc Viên Restaurant,https://www.foody.vn/quang-binh/mộc-viên-restaurant-138063,Quy Nhơn,Quán ăn / Đặc sản,93,7,18114695,,Hương vị ngon,0,14/11/2023,2026-09-18T21:37:35.079482
Foody,138063,Mộc Viên Restaurant,https://www.foody.vn/quang-binh/mộc-viên-restaurant-138063,Quy Nhơn,Quán ăn / Đặc sản,93,5.4,18114685,,Hương vị đậm đà,0,14/11/2023,2026-09-18T21:37:35.079482
Foody,138063,Mộc Viên Restaurant,https://www.foody.vn/quang-binh/mộc-viên-restaurant-138063,Quy Nhơn,Quán ăn / Đặc sản,93,10,18114683,,Gia cat hơp lý,0,14/11/2023,2026-09-18T21:37:35.079482
Foody,138063,Mộc Viên Restaurant,https://www.foody.vn/quang-binh/mộc-viên-restaurant-138063,Quy Nhơn,Quán ăn / Đặc sản,93,10,18114680,,Hương vị đậm đà,0,14/11/2023,2026-09-18T21:37:35.079482
Foody,138063,Mộc Viên Restaurant,https://www.foody.vn/quang-binh/mộc-viên-restaurant-138063,Quy Nhơn,Quán ăn / Đặc sản,93,8.6,18114677,,Hương vị đậm đà,0,14/11/2023,2026-09-18T21:37:35.079482
Foody,138063,Mộc Viên Restaurant,https://www.foody.vn/quang-binh/mộc-viên-restaurant-138063,Quy Nhơn,Quán ăn / Đặc sản,93,10,18114667,,Hương vị đậm đà,0,14/11/2023,2026-09-18T21:37:36.212160
Foody,138063,Mộc Viên Restaurant,https://www.foody.vn/quang-binh/mộc-viên-restaurant-138063,Quy Nhơn,Quán ăn / Đặc sản,93,5,18114666,,Hương vị đậm đà,0,14/11/2023,2026-09-18T21:37:36.212160
Foody,138063,Mộc Viên Restaurant,https://www.foody.vn/quang-binh/mộc-viên-restaurant-138063,Quy Nhơn,Quán ăn / Đặc sản,93,9.8,18114661,,Hương vị đậm đà,0,14/11/2023,2026-09-18T21:37:36.212160
Foody,138063,Mộc Viên Restaurant,https://www.foody.vn/quang-binh/mộc-viên-restaurant-138063,Quy Nhơn,Quán ăn / Đặc sản,93,5,18114657,,Hương vị đậm đà,0,14/11/2023,2026-09-18T21:37:36.212160
Foody,138063,Mộc Viên Restaurant,https://www.foody.vn/quang-binh/mộc-viên-restaurant-138063,Quy Nhơn,Quán ăn / Đặc sản,93,6,18114654,,Hương vị đậm đà,0,14/11/2023,2026-09-18T21:37:36.212160
Foody,138063,Mộc Viên Restaurant,https://www.foody.vn/quang-binh/mộc-viên-restaurant-138063,Quy Nhơn,Quán ăn / Đặc sản,93,5,18091414,,Hương vị đậm đà,0,07/11/2023,2026-09-18T21:37:36.212160
Foody,138063,Mộc Viên Restaurant,https://www.foody.vn/quang-binh/mộc-viên-restaurant-138063,Quy Nhơn,Quán ăn / Đặc sản,93,5.2,18091107,,Hương vị đậm đà,0,07/11/2023,2026-09-18T21:37:36.212160
Foody,138063,Mộc Viên Restaurant,https://www.foody.vn/quang-binh/mộc-viên-restaurant-138063,Quy Nhơn,Quán ăn / Đặc sản,93,10,18091050,,Hương vị đậm đà,0,07/11/2023,2026-09-18T21:37:36.212160
Foody,138063,Mộc Viên Restaurant,https://www.foody.vn/quang-binh/mộc-viên-restaurant-138063,Quy Nhơn,Quán ăn / Đặc sản,93,5,18090857,,Hương vị đậm đà,0,07/11/2023,2026-09-18T21:37:36.212160
Foody,138063,Mộc Viên Restaurant,https://www.foody.vn/quang-binh/mộc-viên-restaurant-138063,Quy Nhơn,Quán ăn / Đặc sản,93,5,18090784,,Ngon lắm luôn,0,07/11/2023,2026-09-18T21:37:36.212160
Foody,138063,Mộc Viên Restaurant,https://www.foody.vn/quang-binh/mộc-viên-restaurant-138063,Quy Nhơn,Quán ăn / Đặc sản,93,5,18090745,,Hương vị đậm đà,0,07/11/2023,2026-09-18T21:37:37.366181
Foody,138063,Mộc Viên Restaurant,https://www.foody.vn/quang-binh/mộc-viên-restaurant-138063,Quy Nhơn,Quán ăn / Đặc sản,93,6.4,18090721,,Không gian thoáng mát. Hương vị đậm đà.,0,07/11/2023,2026-09-18T21:37:37.366181
Foody,138063,Mộc Viên Restaurant,https://www.foody.vn/quang-binh/mộc-viên-restaurant-138063,Quy Nhơn,Quán ăn / Đặc sản,93,10,18090712,,Hương vị đậm đà,0,07/11/2023,2026-09-18T21:37:37.366181
Foody,138063,Mộc Viên Restaurant,https://www.foody.vn/quang-binh/mộc-viên-restaurant-138063,Quy Nhơn,Quán ăn / Đặc sản,93,5,18090711,,Hương vị đậm đà,0,07/11/2023,2026-09-18T21:37:37.366181
Foody,138063,Mộc Viên Restaurant,https://www.foody.vn/quang-binh/mộc-viên-restaurant-138063,Quy Nhơn,Quán ăn / Đặc sản,93,6,18090703,,Hương vị đậm đà,0,07/11/2023,2026-09-18T21:37:37.366181
Foody,138063,Mộc Viên Restaurant,https://www.foody.vn/quang-binh/mộc-viên-restaurant-138063,Quy Nhơn,Quán ăn / Đặc sản,93,5,18090674,,Hương vị đậm đà,0,07/11/2023,2026-09-18T21:37:37.366181
Foody,138063,Mộc Viên Restaurant,https://www.foody.vn/quang-binh/mộc-viên-restaurant-138063,Quy Nhơn,Quán ăn / Đặc sản,93,5,18090670,,hương vị đậm đà,0,07/11/2023,2026-09-18T21:37:37.366181
Foody,138063,Mộc Viên Restaurant,https://www.foody.vn/quang-binh/mộc-viên-restaurant-138063,Quy Nhơn,Quán ăn / Đặc sản,93,5,18090659,,Hương vị đậm đà,0,07/11/2023,2026-09-18T21:37:37.366181
Foody,138063,Mộc Viên Restaurant,https://www.foody.vn/quang-binh/mộc-viên-restaurant-138063,Quy Nhơn,Quán ăn / Đặc sản,93,6,18090658,,Hương vị đậm đà,0,07/11/2023,2026-09-18T21:37:37.366181
Foody,138063,Mộc Viên Restaurant,https://www.foody.vn/quang-binh/mộc-viên-restaurant-138063,Quy Nhơn,Quán ăn / Đặc sản,93,5,18090649,,Hương vị đậm đà,0,07/11/2023,2026-09-18T21:37:37.366181
Foody,138063,Mộc Viên Restaurant,https://www.foody.vn/quang-binh/mộc-viên-restaurant-138063,Quy Nhơn,Quán ăn / Đặc sản,93,5,18090646,,Hương vị đậm đà,0,07/11/2023,2026-09-18T21:37:38.518091
Foody,138063,Mộc Viên Restaurant,https://www.foody.vn/quang-binh/mộc-viên-restaurant-138063,Quy Nhơn,Quán ăn / Đặc sản,93,5,18090638,,Hương vị đậm đà,0,07/11/2023,2026-09-18T21:37:38.518091
Foody,138063,Mộc Viên Restaurant,https://www.foody.vn/quang-binh/mộc-viên-restaurant-138063,Quy Nhơn,Quán ăn / Đặc sản,93,5,18090641,,Hương vị đậm đà,0,07/11/2023,2026-09-18T21:37:38.518091
Foody,138063,Mộc Viên Restaurant,https://www.foody.vn/quang-binh/mộc-viên-restaurant-138063,Quy Nhơn,Quán ăn / Đặc sản,93,10,18090639,,Hương vị đậm đà,0,07/11/2023,2026-09-18T21:37:38.518091
Foody,138063,Mộc Viên Restaurant,https://www.foody.vn/quang-binh/mộc-viên-restaurant-138063,Quy Nhơn,Quán ăn / Đặc sản,93,9.8,18090624,,tuyệt vời,0,07/11/2023,2026-09-18T21:37:38.518091
Foody,138063,Mộc Viên Restaurant,https://www.foody.vn/quang-binh/mộc-viên-restaurant-138063,Quy Nhơn,Quán ăn / Đặc sản,93,5,18090625,,Hương vị đậm đà,0,07/11/2023,2026-09-18T21:37:38.518091
Foody,138063,Mộc Viên Restaurant,https://www.foody.vn/quang-binh/mộc-viên-restaurant-138063,Quy Nhơn,Quán ăn / Đặc sản,93,10,18090618,,Hương vị đậm đà,0,07/11/2023,2026-09-18T21:37:38.518091
Foody,138063,Mộc Viên Restaurant,https://www.foody.vn/quang-binh/mộc-viên-restaurant-138063,Quy Nhơn,Quán ăn / Đặc sản,93,5,18090619,,Hương vị đậm đà,0,07/11/2023,2026-09-18T21:37:38.518091
Foody,138063,Mộc Viên Restaurant,https://www.foody.vn/quang-binh/mộc-viên-restaurant-138063,Quy Nhơn,Quán ăn / Đặc sản,93,5,17996433,,Hương vị đậm đà,0,11/10/2023,2026-09-18T21:37:38.518091
Foody,138063,Mộc Viên Restaurant,https://www.foody.vn/quang-binh/mộc-viên-restaurant-138063,Quy Nhơn,Quán ăn / Đặc sản,93,10,17996356,,Hương vị đậm đà,0,11/10/2023,2026-09-18T21:37:38.518091
