source,restaurant_id,restaurant_metadata,location,review_id,review_date,rating,review_text
Tripadvisor,d15325004,Nha Hang Ca Khoi,Quy Nhon,TA_CK_REAL_001,2026-07-20,5,Không gian quán ok. Thức ăn ok. Phục vụ nhanh. Lần sau ghé lại. Lt thanh pvu tốt
Tripadvisor,d15325004,Nha Hang Ca Khoi,Quy Nhon,TA_CK_REAL_002,2026-07-06,5,tôi cảm thấy hài lòng về trải nghiệm này rất tuyệt vời lần sau tôi sẽ ghé tới
Tripadvisor,d15325004,Nha Hang Ca Khoi,Quy Nhon,TA_CK_REAL_003,2026-07-05,5,Quán ănสะอาด บรรยากาศสวยงาม และอาหารอร่อยมาก พนักงานบริการสุภาพ รวดเร็ว และเป็นกันเอง ทำให้รู้สึกประทับใจ ราคาสสมเหตุสมผลเมื่อเทียบกับคุณภาพ แล้วจะกลับมาใช้บริการอีกแน่นอน
Tripadvisor,d15325004,Nha Hang Ca Khoi,Quy Nhon,TA_CK_REAL_004,2026-07-04,5,Nhà hàng sạch sẽ, không gian thoáng mát, đồ ăn trình bày đẹp mắt và chất lượng món ăn oke. Nhân viên nhiệt tình phục vụ chu đáo. Chắc chắn sẽ quay lại và giới thiệu
Tripadvisor,d15325004,Nha Hang Ca Khoi,Quy Nhon,TA_CK_REAL_005,2026-05-10,5,Đồ ăn ngon, nhân viên nhiệt tình, không gian thoáng mát
Tripadvisor,d15325004,Nha Hang Ca Khoi,Quy Nhon,TA_CK_REAL_006,2026-05-03,5,Trãi nghiệm lần đầu ở quán ,tôi không nghỉ mỗi thứ quá tuyệt vời từ món ăn cho đến cách phục vụ của các bạn ,good
Tripadvisor,d15325004,Nha Hang Ca Khoi,Quy Nhon,TA_CK_REAL_007,2026-05-08,5,Không gian khá rộng rãi thoáng mát,khá ổn không quá ồn ào,món ăn đa dạng đẹp mắt , phục vụ chu đáo
Tripadvisor,d15325004,Nha Hang Ca Khoi,Quy Nhon,TA_CK_REAL_008,2026-03-16,5,OK quá tuyệt vời mọi người nên ghé
Tripadvisor,d15325004,Nha Hang Ca Khoi,Quy Nhon,TA_CK_REAL_009,2026-01-03,5,Quán thiết kế hiện đại pha chút dân dã, phù hợp cho buổi ăn tối thư giãn sau khi dạo biển Quy Nhơn hoặc tụ tập bạn bè. Không gian nội thất & khu vực bàn ngoài trời khá đẹp, nên tranh thủ chụp vài tấm trước khi bắt đầu bữa ăn.
Tripadvisor,d15325004,Nha Hang Ca Khoi,Quy Nhon,TA_CK_REAL_010,2025-11-26,5,Nhà hàng sạch sẻ , thoáng mát , view đẹp . Menu nhiều món ăn ngon , đa dạng , hợp khẩu vị khách hàng từ trong nước và ngoài nước. Phục vụ tốt, nhiệt tình . Món ăn siêu ngon mọi người nhất định phải ghé qua nhé
Tripadvisor,d15325004,Nha Hang Ca Khoi,Quy Nhon,TA_CK_REAL_011,2025-11-02,5,Trải nghiệm tuyệt vời, trên cả sức tưởng tượng khẩu phần ăn rất lớn, món ăn trang trí bắt mắt hấp dẫn, đồ ăn ngon, nv vui vẻ dễ thương và rất chu đáo
Tripadvisor,d15325004,Nha Hang Ca Khoi,Quy Nhon,TA_CK_REAL_012,2025-10-28,5,Nhà hàng rộng rãi thoáng mát , món ăn đa dạng từ hải sản tươi sống tới các món chính , đầu bếp phục vụ tại bàn trình bày rất đẹp mắt , nhân viên thì dễ thương nhiệt tình
Tripadvisor,d15325004,Nha Hang Ca Khoi,Quy Nhon,TA_CK_REAL_013,2025-10-26,5,không gian thoáng , phòng vip đẹp có sẵn karra , các món ăn được chế biến đẹp mắt , món ăn ngon , nhân viên phục vụ dễ thương , nhiệt tình
Tripadvisor,d15325004,Nha Hang Ca Khoi,Quy Nhon,TA_CK_REAL_014,2025-10-25,5,Nhà hàng Cá Khói mang lại cảm giác gần gũi nhưng vẫn rất tinh tế. Không gian được trang trí ấm cúng, sạch sẽ và có phong cách riêng. Thực đơn đa dạng, đặc biệt là các món sashimi Nhân viên phục vụ thân thiện, nhanh nhẹn. Giá cả hợp lý so với chất lượng món ăn. Một địa điểm đáng thử nếu bạn muốn tìm nơi ăn hải sản ngon miệng và không gian dễ chịu để đi cùng gia đình hoặc bạn bè.
Tripadvisor,d15325004,Nha Hang Ca Khoi,Quy Nhon,TA_CK_REAL_015,2025-10-25,5,Nhà hàng tuyệt vời! Không gian sang trọng, nhân viên phục vụ chu đáo và thân thiện. Món ăn trình bày đẹp mắt, hương vị đậm đà, nguyên liệu tươi ngon. Giá cả hợp lý so với chất lượng. Rất hài lòng với trải nghiệm tại đây, chắc chắn sẽ quay lại nhiều lần nữa!
Tripadvisor,d15325004,Nha Hang Ca Khoi,Quy Nhon,TA_CK_REAL_016,2025-10-14,5,không gian thoáng mát, có phòng riêng, có bia rượu, đồ ăn ngon, phục vụ tốt ưkiwiehxkqohsbdiihwsbxksiubx sẽ quay lại js
Tripadvisor,d15325004,Nha Hang Ca Khoi,Quy Nhon,TA_CK_REAL_017,2025-10-13,5,không gian thoáng mát cách phục vụ rất chuyên nghiệp , món ăn rất ngon , các món ăn phục vụ tại bàn thực hiện trước mặt tôi một cách chuyên nghiệp tôi rất ấn tượng với những màn biểu diễn món ăn đẹp mắt thật sự mà nói đây là một nhà hàng tuyệt vời bạn nên ghé thử để trải nghiệm một lần
Tripadvisor,d15325004,Nha Hang Ca Khoi,Quy Nhon,TA_CK_REAL_018,2025-10-13,5,Nhà hàng Cá Khói là một địa điểm ẩm thực đáng để trải nghiệm. Không gian quán được bài trí ấm cúng, sạch sẽ và mang phong cách gần gũi, tạo cảm giác thoải mái cho thực khách. Món ăn ở đây được chế biến tinh tế, đặc biệt là các món cá – tươi ngon, đậm đà hương vị và được trình bày bắt mắt. Nhân viên phục vụ thân thiện, nhanh nhẹn và luôn sẵn sàng hỗ trợ khách. Giá cả hợp lý so với chất lượng món ăn. Nhìn chung, Cá Khói là lựa chọn tuyệt vời cho những ai yêu thích hải sản và muốn tận hưởng bữa ăn chất lượng trong không gian dễ chịu.
Tripadvisor,d15325004,Nha Hang Ca Khoi,Quy Nhon,TA_CK_REAL_019,2025-10-09,5,hải sản ở dưới hồ rất nhiều tất cả đều là hàng tươi sống , món ăn ngon đầu bếp chế biến tại bàn rất đẹp mắt , view đẹp phục vụ tận tình chu đáo
Tripadvisor,d15325004,Nha Hang Ca Khoi,Quy Nhon,TA_CK_REAL_020,2025-10-07,5,không gian thoáng mát rộng rãi rất phù hợp cho gia đình bạn bè món ăn ngon phục vụ tốt nhân viên nhiệt tình có dịp lần sau tôi sẽ ghé lại quy nhon
Tripadvisor,d15325004,Nha Hang Ca Khoi,Quy Nhon,TA_CK_REAL_021,2025-10-06,5,Nên trải nghiệm tới nhà một lần món ăn ở đây thật sự rất ngon , đa dạng , trình bày rất đẹp mắt có nhiều món bếp lên chế biến tại bàn , nhân viên nhiệt tình dễ thương
Tripadvisor,d15325004,Nha Hang Ca Khoi,Quy Nhon,TA_CK_REAL_022,2025-10-06,5,mô hình ở đây rất đẹp , phòng vip sang trọng phù hợp để tiếp khách . Các món chế biến tại bàn trình bày rất đẹp mắt , nhaan vieen raats nhiiệt tình chu đáo
Tripadvisor,d15325004,Nha Hang Ca Khoi,Quy Nhon,TA_CK_REAL_023,2025-10-03,5,Tới đây ăn uống là một trải nghiệm tuyệt vời , phòng vip rộng rãi view biển rất đẹp , các món chế biến tại bàn thật sự rất đẹp mắt , nhân viên thân thiện dễ thương
Tripadvisor,d15325004,Nha Hang Ca Khoi,Quy Nhon,TA_CK_REAL_024,2025-10-03,5,một trải nghiệm tuyệt vời khi đến đây , mô hình quán rất đẹp , thoáng mát ,hải sản tươi sống dưới hồ rất nhiều , chế biến món ăn ngon , đẹp mắt , nhân viên thân thiện ....
Tripadvisor,d15325004,Nha Hang Ca Khoi,Quy Nhon,TA_CK_REAL_025,2025-10-03,5,Món ăn ở đây phù hợp với khẩu vị gia đình tôi. Nhân viên nhiệt tình và thân thiện. Quán thoáng đãng, ngay trung tâm thành phố dễ tìm
Tripadvisor,d15325004,Nha Hang Ca Khoi,Quy Nhon,TA_CK_REAL_026,2025-09-30,5,Món ăn ngon, phục vụ tốt, hải sản tươi sống tại hồ, view biển rất đẹp nhà hàng thoáng mát, nhân viên dễ thương nhiệt tình, lần sau mình sẽ ghé tiếp
Tripadvisor,d15325004,Nha Hang Ca Khoi,Quy Nhon,TA_CK_REAL_027,2025-09-30,5,nhân viên hoà đồng , nhiệt tình , phục vụ chu đáo , có đa dạng các món ăn từ hải sản tươi sống . có thể chế biến theo nhiều loại như nóng lạnh
Tripadvisor,d15325004,Nha Hang Ca Khoi,Quy Nhon,TA_CK_REAL_028,2025-09-23,5,Chung quy nhà hàng rất sạch sẻ, không gian thoáng mát, món ăn đa dạng, menu hải sản phong phú, đặc biệt rất tươi ngon, shashimi làm tại bàn vô cùng bắt mắc, nv chu đáo thân thiện, đáng để trải nghiệm một lần trong đời.
Tripadvisor,d15325004,Nha Hang Ca Khoi,Quy Nhon,TA_CK_REAL_029,2025-09-22,5,Nhà hàng cá khói là lựa chọn lý tưởng cho tín đồ hải sản. Menu đa dạng với các món như tôm càng xanh nướng muối ớt, mực hấp gừng và lẩu hải sản chua cay đậm vị. Nguyên liệu tươi, chế biến khéo léo, giữ được hương vị tự nhiên. Không gian quán đơn giản nhưng sạch sẽ, ấm cúng. Nhân viên thân thiện, phục vụ nhanh nhẹn. Giá cả phải chăng, phù hợp với nhiều đối tượng khách. Nếu muốn thưởng thức hải sản ngon, giá hợp lý, hãy ghé cá khói.
Tripadvisor,d15325004,Nha Hang Ca Khoi,Quy Nhon,TA_CK_REAL_030,2025-09-19,5,Nhà hàng rất đẹp và lịch sự nằm ngay trung tâm thành phố, bếp mờ nhưng rất sạch sẽ và hoàn toàn ko hề có bất kỳ mùi hôi nào. Menu món ăn đa dạng cho bất kỳ sự lựa chọn nào. Rất ấn tượng
Tripadvisor,d15325004,Nha Hang Ca Khoi,Quy Nhon,TA_CK_REAL_031,2025-09-17,5,Phong cách trang trí phù hợp, đồ ăn ngon, giá cả hợp lý, quán ăn sạch sẽ, menu đa dạng nhân viên nhiệt tình, rất đáng để trải nghiệm,
Tripadvisor,d15325004,Nha Hang Ca Khoi,Quy Nhon,TA_CK_REAL_032,2025-09-16,5,Nhà hàng có không gian thoáng đãng, trang trí tinh tế và ấm cúng, tạo cảm giác thoải mái ngay từ khi bước vào. Thực đơn đa dạng, món ăn được trình bày đẹp mắt và hương vị đậm đà, phù hợp với nhiều khẩu vị. Đặc biệt, nguyên liệu tươi ngon và chế biến tinh tế, giữ được sự tự nhiên của món ăn. Nhân viên phục vụ nhiệt tình, chu đáo, luôn sẵn sàng hỗ trợ khách hàng. Giá cả hợp lý so với chất lượng mang lại. Đây là địa điểm lý tưởng để gặp gỡ bạn bè, gia đình hoặc tiếp khách.
Tripadvisor,d15325004,Nha Hang Ca Khoi,Quy Nhon,TA_CK_REAL_033,2025-09-03,5,Nhà hàng ngay trung tâm thành phố Quy Nhơn, hải sản đặc sắc, đầu bếp nấu ăn rất hợp khẩu vị và trang trí món ăn rất bắt mắt. Một nhà hàng đáng để trải nghiệm
Tripadvisor,d15325004,Nha Hang Ca Khoi,Quy Nhon,TA_CK_REAL_034,2025-09-02,5,Cũng lâu rồi mới quay lại nhà hàng này, tất cả mọi thứ đều vẫn rất tuyệt vời. Mình đặc biệt ấn tượng với các bạn phục vụ, nhiệt tình và món ăn vẫn rất ngon.
Tripadvisor,d15325004,Nha Hang Ca Khoi,Quy Nhon,TA_CK_REAL_035,2025-08-31,5,đồ ăn ngon thái độ phục vụ tốt, gợi ý món ăn rất nhiệt tình đưa ra gợi ý hợp lí vs khẩu vị và khẩu phần ăn . giá cả vừa phải không quá đắt . chất lượng món ăn tốt
Tripadvisor,d15325004,Nha Hang Ca Khoi,Quy Nhon,TA_CK_REAL_036,2025-08-31,5,Nhà hàng Cá Khói là địa chỉ quen thuộc của những người yêu ẩm thực độc đáo và hương vị mới lạ. Không gian được thiết kế hiện đại, ấm cúng với điểm nhấn là những gam màu gỗ mộc mạc, tạo cảm giác gần gũi và thư giãn. Thực đơn phong phú với nhiều món ăn chế biến từ cá tươi, đặc biệt nổi bật với món cá hun khói mang hương vị đậm đà, khó quên. Các món ăn đều được chế biến tinh tế, giữ trọn hương vị tự nhiên nhưng vẫn có sự sáng tạo riêng. Đội ngũ nhân viên thân thiện, phục vụ chuyên nghiệp luôn mang đến cho thực khách trải nghiệm ẩm thực trọn vẹn và hài lòng.
Tripadvisor,d15325004,Nha Hang Ca Khoi,Quy Nhon,TA_CK_REAL_037,2025-08-31,5,nhà hàng sát biển. không gian thoáng rộng. bếp chế biến tại chỗ . hải sản tươi sống. Size to nhỏ đều có chế biến trình bày đẹp mắt chìn chu. hợp khẩu vị. Nhân viên phục vụ nhiệt tình chu đáo. nói chung chất lượng 10đ.
Tripadvisor,d15325004,Nha Hang Ca Khoi,Quy Nhon,TA_CK_REAL_038,2025-08-28,5,Một trải nghiệm tuyệt vời khi đi cùng với người yêu. Không gian quán sang trọng, thoáng mát, view biển, đồ ăn ngon miệng, hải sản tươi sống, pv chuyên nghiệp sẽ ghé đến nhiều lần tiếp theo
Tripadvisor,d15325004,Nha Hang Ca Khoi,Quy Nhon,TA_CK_REAL_039,2025-08-28,5,Đã đến nhiều lần . Quay lại vì chất lượng dịch vụ tốt . Môn ăn ngon và đa dạng . Các bạn nhân viên được đào tạo chuyên nghiệp , chăm sóc bàn ăn rất kĩ . Không gian phù hợp cho mọi bữa tiệc . Mình và bạn bè rất thích hải sản ở đây , hàng sống tại hồ và được chế biến rất hợp khẩu vị .
Tripadvisor,d15325004,Nha Hang Ca Khoi,Quy Nhon,TA_CK_REAL_040,2025-08-28,5,tôi đi công tác đến Quy Nhơn, tôi khá bất ngờ với dịch vụ và món ăn ở đây. không gian bếp mở, chế biến tại bàn. Các bạn phục vụ thì quá nhiệt tình và chuyên nghiệp, tôi thấy nhà hàng này là nơi đáng giá để các bạn trải nghiệm và ăn uống
Tripadvisor,d15325004,Nha Hang Ca Khoi,Quy Nhon,TA_CK_REAL_041,2025-08-28,5,Không gian nhà hàng thoáng mát, phục vụ chuyên nghiệp, món ăn tuyệt vời. Đặc biệt là hải sản tươi tôm hùm bông sốt bơ tỏi tuyệt vời
Tripadvisor,d15325004,Nha Hang Ca Khoi,Quy Nhon,TA_CK_REAL_042,2025-08-28,5,Nhà hàng view đẹp, món ăn rất đa dạng, dsacwj biệt hải sản rất tươi, dịch vụ ở đây tôi đánh giá rất cao, 5 sao, nên trải nghiệm.
Tripadvisor,d15325004,Nha Hang Ca Khoi,Quy Nhon,TA_CK_REAL_043,2025-07-27,5,Một nhà hàng rất tốt ở Quy Nhơn, ngay trung tâm thành phố với hải sản đa dạng và phong phú. Đầu bếp rất lắng nghe và chế biến món ăn đúng với yêu cầu của chúng tôi
Tripadvisor,d15325004,Nha Hang Ca Khoi,Quy Nhon,TA_CK_REAL_044,2025-08-27,5,Lần thứ 2 ghé Cá Khói vẫn là các bạn nhân viên rất nhiệt tình vui vẻ, các bạn nhớ cả tên của mình nên cảm thấy rất được quan tâm 😄😄
Tripadvisor,d15325004,Nha Hang Ca Khoi,Quy Nhon,TA_CK_REAL_045,2025-08-27,5,Đã ghé cả 2 nhà hàng là Cá Bay ở Nha Trang và Cá Khói ở Quy Nhơn . 2 Nhà Hàng cùng hệ thống . Menu alacart rất nhiều món và hồ hải sản đa dạng , nhiều sự lựa chọn . Món ăn trình bày chỉnh chu , đẹp mắt. Nhân viên được đào tạo chuyên nghiệp . Thân thiện và lễ phép . View thoáng mát và nhạc chill Tất cả đều hoàn hảo với tôi 👍
Tripadvisor,d15325004,Nha Hang Ca Khoi,Quy Nhon,TA_CK_REAL_046,2025-08-28,5,Tôi được bạn bè giới thiệu đến. Điều tôi không ngờ đến là chất lượng dịch vụ ở đây khá tốt nhân viên chu đáo nhiệt tình. Món ăn ngon tươi sống
Tripadvisor,d15325004,Nha Hang Ca Khoi,Quy Nhon,TA_CK_REAL_047,2025-07-26,5,Nhà hàng đẹp, không gian vô cùng đẹp, món ăn ngon, nhân viên dịch vụ nơi đây rất tốt , rất đáng để trải nghiệm ....................
Tripadvisor,d15325004,Nha Hang Ca Khoi,Quy Nhon,TA_CK_REAL_048,2025-08-26,5,nhà hàng view đẹp phục vụ tốt , nhân viên thân thiện thức ăn ngon , không gian thoáng mát phụ hợp với điều kiện của mọi gia đình 🐰🥕
Tripadvisor,d15325004,Nha Hang Ca Khoi,Quy Nhon,TA_CK_REAL_049,2025-08-25,5,Gia đình tôi và tôi có một trải nghiệm rất hài lòng về món ăn và các phục vụ chuyên nghiệp ở đây. Nhân viên rất chu đáo tận tình món ăn thì không phải bàn nữa quả view quá ok quá xịn
Tripadvisor,d15325004,Nha Hang Ca Khoi,Quy Nhon,TA_CK_REAL_050,2025-08-25,5,Tôi đã có một chuyến đi đến quy nhơn cùng với gia đình và đã có dịp trải nghiệm tại nhà hàng. Chất lượng phục vụ ở đây đáng được chú ý đến, view biển thoáng mát, đồ ăn khá đa dạng và đặc sắc. Có dịp đến Quy Nhơn chắc chắn tôi sẽ ghé lại đây thêm nhiều lần nữa
Tripadvisor,d15325004,Nha Hang Ca Khoi,Quy Nhon,TA_CK_REAL_055,2025-08-24,5,lần đầu tới quy nhơn tôi đã lập tức cùng bạn tôi tới ăn và trải nghiệm đó là trải nghiệm quá tuyệt vời với tôi đồ ăn ngo quá ngon quá tuyệt vời không chỗ nào để chê nhân viên quá tốt lễ tân niềm nở , nhân viên hoà đồng và vui nhột phục vụ quá chu đáo .[cite: 57]
Tripadvisor,d15325004,Nha Hang Ca Khoi,Quy Nhon,TA_CK_REAL_056,2025-08-24,5,Quán tuyệt vời, quá ngon, nhân viên cực kì dễ thương, hãy đến thử cùng chúng tôi bạn sẽ rất hài lòng về nhà hàng này ❤️❤️❤️❤️[cite: 58]
Tripadvisor,d15325004,Nha Hang Ca Khoi,Quy Nhon,TA_CK_REAL_057,2025-08-21,5,Đi du lịch cùng với gia đình, không gian nhà hàng sang trọng , nhân viên nhiệc tình, lễ tân chăm sóc khách hàng chu đáo, món ăn ngon miệng[cite: 59]
Tripadvisor,d15325004,Nha Hang Ca Khoi,Quy Nhon,TA_CK_REAL_058,2025-08-20,5,Nghe đã lâu mới có dịp trải nghiệm nhà hàng này , không gian dịch vụ rất good , quản lý oder rất nhanh gọn cách phục vụ chuyên nghiệp và cực kì take care khách hàng một cách nhanh nhẹn , món ăn thì lên nhanh khỏi bàn kèm theo chất lượng rất đàm bảo , có dịp quay lại sẽ quay lại lần nữa trải nghiệm ở đây rất tẹt vời[cite: 60]
Tripadvisor,d15325004,Nha Hang Ca Khoi,Quy Nhon,TA_CK_REAL_059,2025-08-01,5,thức ăn ngon, phục vụ tốt, nhiệt tình, view đẹp, tôi sẽ quay lại thêm nhiều lần nữa. quản lý chuyên nghiệp, hải sản tươi, không gian mát mẻ[cite: 61]
Tripadvisor,d15325004,Nha Hang Ca Khoi,Quy Nhon,TA_CK_REAL_060,2025-07-23,5,View đẹp, đồ ăn ngon, nhân viên phục vụ dễ thương cùng với đó là các bạn bếp nấu ăn rất tuyệt, phục vụ tận tình chu đáo nữa nha 💕💕💕[cite: 62]
Tripadvisor,d15325004,Nha Hang Ca Khoi,Quy Nhon,TA_CK_REAL_061,2025-07-23,5,Nhà hàng thoáng mát, sạch sẽ. Các bạn phục vụ và lễ tân thân thiện, tư vấn nhiệt tình. Món ăn được decor đẹp mắt, hải sản thì đa dạng. Xứng đáng giá tiền.[cite: 63]
Tripadvisor,d15325004,Nha Hang Ca Khoi,Quy Nhon,TA_CK_REAL_062,2025-04-24,5,View đẹp thoáng mát, nhân viên nhiệt tình , đồ ăn hợp khẩu vị trình bày chỉnh chu.Nhất định sẽ quay lại nếu có cơ hội ghé Quy Nhơn[cite: 64]
Tripadvisor,d15325004,Nha Hang Ca Khoi,Quy Nhon,TA_CK_REAL_063,2025-03-28,5,Món ăn ngon , PV chứ đáo nhiệt tình , khó gian thoáng mát , lễ tân từ vấn nhiệc tình thân thiện , một trải nghiệm tuyệt vời cùng với người thân[cite: 65]
Tripadvisor,d15325004,Nha Hang Ca Khoi,Quy Nhon,TA_CK_REAL_064,2024-10-11,5,Không gian thoải mái bếp mở,đảm bảo an toàn vệ sinh thực phẩm, mấy bạn bếp sashimi hướng dẫn cách ăn rất nhiệt tình.10Đ Nhà hàng Cá khói là nơi đáng để tổ chức party,Sinh nhật, Lễ tân xinh đẹp hướng dẫn khách hàng rất nhiệt tình, bếp sạch sẽ 10Đ.[cite: 66]
Tripadvisor,d15325004,Nha Hang Ca Khoi,Quy Nhon,TA_CK_REAL_067,2024-08-20,5,Theo như đánh giá của tôi thì nhà hàng này rất tốt, về món ăn rất ngon đến cả nhân viên phục vụ đều rất nhiệt tình, quan tâm khách hàng....Chắc chắn sẽ quay lại vào dịp gần nhất..[cite: 67]
Tripadvisor,d15325004,Nha Hang Ca Khoi,Quy Nhon,TA_CK_REAL_068,2024-07-09,5,Tôi và bạn bè từ TP HCM đến Quy Nhơn để đi du lịch, tình cờ tìm được nhà hàng Cá Khói với nhiều loại hải sản tươi sống. Nhà hàng có món ăn ngon hợp khẩu vị, tác phong làm việc tốt, phục vụ lịch sự chuyên nghiệp, hải sản tươi sống, có vị trí thuận lợi, giá cả phải chăng.[cite: 68]
Tripadvisor,d15325004,Nha Hang Ca Khoi,Quy Nhon,TA_CK_REAL_069,2024-07-08,5,Tất cả mọi thứ đều rất hài lòng, chất lượng món ăn rất ngon, trang trí bắt mắt, view đẹp, thoáng mát, phục vụ rất chu đáo và tận tâm.[cite: 69]
Tripadvisor,d15325004,Nha Hang Ca Khoi,Quy Nhon,TA_CK_REAL_070,2024-07-08,5,Món ăn ngon, trang trí đặc sắc, bắt mắt. Phục vụ tận tình, không thể ngờ được. Không gian thoáng mát, view rất đẹp và nhìn ra biển được[cite: 70]
Tripadvisor,d15325004,Nha Hang Ca Khoi,Quy Nhon,TA_CK_REAL_071,2024-05-18,5,Món ăn ngon , hợp khẩu vị của gia đình mình . Phục vụ tốt, sạch sẽ . View quá chill. Sẽ quay lại . Bạn mình từng tổ chức sinh nhật tại nhà hàng . Miễn phí trang trí nhưng vô cùng chỉnh chu . Verry good 👍[cite: 72]
Tripadvisor,d15325004,Nha Hang Ca Khoi,Quy Nhon,TA_CK_REAL_072,2024-01-18,3,Cách phục vụ tốt. Nhưng phần viết hóa đơn, không quan tâm trong việc Viết hóa đơn VAT cho khách. Khách đi công tác sẽ ngại vô nhà hàng.[cite: 73]
Tripadvisor,d15325004,Nha Hang Ca Khoi,Quy Nhon,TA_CK_REAL_073,2024-01-02,5,Đồ ăn ngon, không gian đẹp. View thoáng mát, hải sản tươi ngon Nhân viên, phục vụ nhanh. Rất đáng trải nghiệm. Mỗi người trung bình tầm 500k[cite: 74]
Tripadvisor,d15325004,Nha Hang Ca Khoi,Quy Nhon,TA_CK_REAL_074,2023-03-15,3,Vị trí đẹp gần trung tâm thành phố , đồ ăn tầm trung , giá cả cao so với mặt bằng chung , khách du lịch nên xem giá ![cite: 75]
Tripadvisor,d15325004,Nha Hang Ca Khoi,Quy Nhon,TA_CK_REAL_075,2023-04-01,5,Chuyến công tác ý nghĩa tại Quy Nhơn, nhà hàng chất lượng, chắc duy nhất ở Quy Nhơn, mình sẽ tìm hiểu những nơi khác nhưng để gợi ý cho bạn bè sẽ ghé tiếp tục. điểm 10 cho chất lượng[cite: 76]
Tripadvisor,d15325004,Nha Hang Ca Khoi,Quy Nhon,TA_CK_REAL_076,2023-03-10,5,Lần đầu mình ghé xuống quy nhơn ăn, giữa tuần mà đông kinh khủng, không biết ăn cái gì kêu đại mấy món mà ăn thấy ngon hết sẩy
Tripadvisor,d15325004,Nha Hang Ca Khoi,Quy Nhon,TA_CK_REAL_078,2023-03-29,5,Nhà hàng cá khói ngon như nhà hàng cá lừa ở đà nẵng. Mn nên ủng hộ nhiều .và nên thử ít nhất 1 lần😍😍😍😍😍😍😍😍😍😍😍😍😍😍😍😍😍😍😍😍[cite: 77]
Tripadvisor,d15325004,Nha Hang Ca Khoi,Quy Nhon,TA_CK_REAL_079,2023-03-27,5,Một nhà hàng lớn tại Quy Nhơn. Giá cả hợp lý với chất lượng khỏi nói. View khá đẹp, thoáng, nhân viên nhiệt tình. Nói chung lần này xuống Quy Nhơn chơi khá hài lòng[cite: 78]
Tripadvisor,d15325004,Nha Hang Ca Khoi,Quy Nhon,TA_CK_REAL_080,2023-03-27,5,Verry good!! Sẽ tiếp tục ghé thường xuyên Lần đầu tới Quy Nhơn, biển xanh , nắng vàng thức ăn quá ngon. Xứng đáng đồng tiền!!![cite: 79]
Tripadvisor,d15325004,Nha Hang Ca Khoi,Quy Nhon,TA_CK_REAL_081,2023-03-27,5,Chuyến đi rất ấn tượng, Nhà hàng tuyệt vời phong cách phục vụ đến món ăn. Tôi rất thích và Hải lòng . Bạn nào có Du lịch Quy Nhơn Hãy tới Nhà hàng Cá Khói nhé .[cite: 80]
Tripadvisor,d15325004,Nha Hang Ca Khoi,Quy Nhon,TA_CK_REAL_082,2023-03-27,5,Nhà hàng này nấu ăn ngon mà vừa hợp khẩu vị đối với mình ở đây và cách nhân viên phục vụ khách rất tốt nhân viên ở đây dễ thương và nhà phong cách rì Wii rất đẹp thoáng mát[cite: 81]
Tripadvisor,d15325004,Nha Hang Ca Khoi,Quy Nhon,TA_CK_REAL_083,2023-03-27,5,Nhìn chung, món ăn nhà hàng ngon, hợp khẩu vị, menu đa dạng và có nhiều sự lựa chọn, trang trí trình bày món ăn bắt mắt, hải sản hồ quá phong phú và nhiều sự lựa chọn. Và có 1 đội ngũ nhân viên nhà hàng vs bếp hùng mạnh. Chấm thang 10 điểm❤[cite: 82]
Tripadvisor,d15325004,Nha Hang Ca Khoi,Quy Nhon,TA_CK_REAL_084,2023-03-23,5,rất chuyên nghiệp, món ăn ngon, gia đình hài lòng. Hải sản thì rất tươi, gia đình mình du lịch tổ chức sinh nhật ở đây quá oke[cite: 83]
Tripadvisor,d15325004,Nha Hang Ca Khoi,Quy Nhon,TA_CK_REAL_085,2023-03-22,5,Nhà hàng món ăn ngon hợp khẩu vị bố trí các món ăn đẹp mắt View đẹp thoáng Phục vụ nhiệt tình chu đáo 😍😍😍😍😍😍😍😍😍😍😍😍😍😍[cite: 84]
Tripadvisor,d15325004,Nha Hang Ca Khoi,Quy Nhon,TA_CK_REAL_086,2023-03-22,5,Menu rất phong phú đa dạng nhiều món ngon , view sang trọng không gian mở rất thoáng mát , các bạn phục vụ xinh xắn vui vẻ và rất nhiệt tình chu đáo..🥰[cite: 85]
Tripadvisor,d15325004,Nha Hang Ca Khoi,Quy Nhon,TA_CK_REAL_087,2023-03-22,5,View đẹp không gian rộng rãi thoáng mát thoải mái sang trọng Món ăn ngon Phục vụ tận tình đầu bếp chuyên nghiệp Menu phong phú đa dạng[cite: 86]
Tripadvisor,d15325004,Nha Hang Ca Khoi,Quy Nhon,TA_CK_REAL_088,2023-03-23,5,Menu phong phú đa dạng,Món ăn ngon,không gian sạch sẽ thoáng mát,thoải mái,phục vụ tận tình, chu đáo,vui vẻ.lễ tân nhiệt tình hướng dẫn dễ hiểu,giá cả phù hợp,sẽ giới thiệu bạn bè nhiều hơn[cite: 87]
Tripadvisor,d15325004,Nha Hang Ca Khoi,Quy Nhon,TA_CK_REAL_089,2023-03-22,5,Món ăn ngon , nhân viên nhiệt tình , chu đáo , chăm sóc khách hàng tận tình , , không gian nhà hàng thoáng mát . Trang trí đẹp . Wc sạch sẽ .[cite: 88]
Tripadvisor,d15325004,Nha Hang Ca Khoi,Quy Nhon,TA_CK_REAL_090,2023-02-22,5,Đến Quy Nhơn mà không ghé Cá Khói thì quả là 1 sai sót. Ấn tượng đầu tiên là view cực kì đẹp và thoáng. Tiếp theo là các món ăn. Hải sản được nuôi tại hồ tiện cho mình lựa chọn. Hải sản rất tươi, cách chế biến đa dạng và hợp khẩu vị. Menu thì phong phú, có rất nhiều sự lựa chọn ngoài hải sản. Cuối cùng là nhân viên cực kì xinh xắn và phục vụ chuyên nghiệp chu đáo. Xứng đáng được đánh giá 5 sao!!! Chắc chắn mình sẽ ghé lại nhiều nhiều lần nữa.[cite: 89]
Tripadvisor,d15325004,Nha Hang Ca Khoi,Quy Nhon,TA_CK_REAL_091,2022-10-22,5,Thức ăn ngon , phục vụ nhiệt tình , chu đáo . View đẹp , sạch sẽ , món cá khói sung sung , bò xốt tiêu thượng hạng rất ngon 😋 Sẽ quay lại lần sau 💝[cite: 90]
Tripadvisor,d15325004,Nha Hang Ca Khoi,Quy Nhon,TA_CK_REAL_092,2022-11-22,5,Món ăn ngon, menu phong phú, đa dạng Phục vụ nhiệt tình, vui vẻ, chu đáo View đẹp, sang trọng, mát mẻ Thích hợp để tụ tập bạn bè, gia đình, công việc[cite: 91]
Tripadvisor,d15325004,Nha Hang Ca Khoi,Quy Nhon,TA_CK_REAL_093,2023-03-22,5,Hải sản tươi, chọn tại hồ, có cái bếp siêu đẹp, ước có cái bếp như vậy luôn á mn,nhân viên xinh, dễ thương y như mình vậy hihi 30/4 nay sẽ ghé lại quán[cite: 92]
Tripadvisor,d15325004,Nha Hang Ca Khoi,Quy Nhon,TA_CK_REAL_094,2023-03-22,5,Bên ngoài nhìn thật sự đẹp và sang trọng. Bên trong còn hơn vậy nữa. Giá cả thì hợp lý. Hải sản tươi, phục vụ rất chuyên nghiệp, lễ tân tư vấn nhiệt tình và lại còn rất đẹp.[cite: 93]
Tripadvisor,d15325004,Nha Hang Ca Khoi,Quy Nhon,TA_CK_REAL_095,2023-03-22,5,Món ngon, khẩu vị phải nói là rất hợp cho người bắc mình, thích nhất mấy món um với cháy tỏi đây,ăn cứ bị cuốn í mn Lần sau đi sẽ ghé nữa nhé cá khóiiii[cite: 94]
Tripadvisor,d15325004,Nha Hang Ca Khoi,Quy Nhon,TA_CK_REAL_096,2022-11-22,5,mình đã ghé quán một vài lần món ăn phong phú hợp khẩu vị mặc dù mình là người bắc , phục vụ chu đáo dễ thương còn nhiệt tình nữa 🌻[cite: 95]
Tripadvisor,d15325004,Nha Hang Ca Khoi,Quy Nhon,TA_CK_REAL_097,2023-03-22,5,Một trong những nhà hàng đỉnh nhất Quy Nhơn về chất lượng món ăn và cung cách phục vụ . Vị trí đẹp, sang trọng, thoáng mát. Nhân viên dễ thương.[cite: 96]
Tripadvisor,d15325004,Nha Hang Ca Khoi,Quy Nhon,TA_CK_REAL_101,2023-03-22,5,Tuyệt vời, đã đến rất nhiều lần và rất hài lòng với chất lượng món ăn, cách phục vụ rất chuyên nghiệp, món ăn ngon, trang trí đẹp, sang trọng. Giá cả hợp lí,không gian mát mẻ, sạch sẽ thoáng mát, một nhà hàng đáng để trải nghiệm cùng vs bạn bè & người thân 👍[cite: 97]
Tripadvisor,d15325004,Nha Hang Ca Khoi,Quy Nhon,TA_CK_REAL_102,2023-03-22,5,Tuyệt vời, tôi sẽ quay lại nhà hàng, món ăn ngon, trình bày món ăn đẹp mắt, nhân viên phục vụ chu đáo, tận tâm. Vị trí nhà hàng rất thuận lợi, view đẹp.[cite: 98]
Tripadvisor,d15325004,Nha Hang Ca Khoi,Quy Nhon,TA_CK_REAL_103,2023-03-22,5,Menu phong phú,đa dạng, các món ăn ngon,trang trí đẹp mắt, phục vụ rất nhiệt tình, chu đáo, luôn vui vẻ View đẹp, thoáng mát, rất sạch sẽ,[cite: 99]
Tripadvisor,d15325004,Nha Hang Ca Khoi,Quy Nhon,TA_CK_REAL_104,2023-03-22,5,Món ăn ngon , hải sản tươi sống giá cả lại hợp lí . Nhân viên phục vụ cực kì chu đáo làm hài lòng khách hàng chắc chắn sẽ quay lại lần sau[cite: 100]
Tripadvisor,d15325004,Nha Hang Ca Khoi,Quy Nhon,TA_CK_REAL_105,2023-02-22,5,Đi về thăm quê thg 2 2023 • Gia đình Món ăn rất ngon , nhân viên phục vụ rất chu đáo và wew cũng thoáng mát , lần đầu đến ăn mà rất hài lòng .đồng phục của nhân viên cũng rất đẹp[cite: 101]
Tripadvisor,d15325004,Nha Hang Ca Khoi,Quy Nhon,TA_CK_REAL_106,2023-03-23,5,Món ăn tuyệt vời, trang trí đẹp mắt, view nhà hàng đẹp sang trọng, nhân viên phục vụ rất nhiệt tình 🥰🥰🥰🥰🥰🥰🥰🥰🥰🥰🥰🥰🥰🥰🥰[cite: 102]
Tripadvisor,d15325004,Nha Hang Ca Khoi,Quy Nhon,TA_CK_REAL_107,2023-03-22,5,Món ăn ngon hợp khẩu vị Các món ăn được bố trí đẹp mắt View đẹp thoáng Nhân viên phục vụ nhiệt tình chu đáo 🥰🥰🥰🥰🥰🥰🥰🥰[cite: 103]
Tripadvisor,d15325004,Nha Hang Ca Khoi,Quy Nhon,TA_CK_REAL_108,2023-03-22,5,Món ăn rất ngon, trang trí đẹp mắt. Menu rất đa dạng, nhân viên nhiệt tình và chu đáo. Quán có view đẹp, thoáng mát thích hợp cho những bữa tối cùng gia đình, bạn bè.[cite: 104]
Tripadvisor,d15325004,Nha Hang Ca Khoi,Quy Nhon,TA_CK_REAL_109,2023-03-22,5,rất hài lòng , sẽ ghé quán nhiều lần các món ăn đều ngon miệng , view đẹp , phòng sang trọng , đầy đủ tiện nghi . Nhân viên chuyên nghiệp , nhiệt tình.............
Tripadvisor,d15325004,Nha Hang Ca Khoi,Quy Nhon,TA_CK_REAL_110,2023-03-22,5,Mình đến nhà hàng vào buổi tối, đúng đợt cao điểm du lịch Tết nên lượng khách khá đông, gần như là kín quán. Mặc dù vậy, khá may mắn là nhân viên phục vụ khá nhanh nhẹn, nhiệt tình, thời gian lên đồ không lâu lắm. Quán đông mà mình chỉ đợi 20 phút đã lên hết món rồi. Các món ăn mình thấy rất tươi ngon. Khi ăn không có cảm giác là hải sản ướp đá mà thịt rất dai và ngọt nên mình khá yên tâm về chất lượng. Đồ ăn được chế biến nhiều cách khác nhau, nên khi ăn sẽ không cảm thấy bị chán. Với menu đa dạng, có cả các hải sản được lựa chọn tại hồ đảm bảo tươi ngon và được bếp chế biến tại bàn theo nhiều cách rất đa dạng và đẹp mắt , món ăn và cách bài trí phong phú làm mình rất hài lòng và mình đá đáng giá 5 sao cho món ăn và cách phụ vụ của nhân viên nhà hàng này. Mặt bằng không gian rộng rãi , thoáng đăng, sạch sẽ[cite: 104]